;driverId;driverRef;number;code;forename;surname;dob;nationality
0;1;hamilton;44;ham;Lewis;Hamilton;1985-01-07;British
1;2;heidfeld;;hei;Nick;Heidfeld;1977-05-10;German
2;3;rosberg;6;ros;Nico;Rosberg;1985-06-27;German
3;4;alonso;14;alo;Fernando;Alonso;1981-07-29;Spanish
4;5;kovalainen;;kov;Heikki;Kovalainen;1981-10-19;Finnish
5;6;nakajima;;nak;Kazuki;Nakajima;1985-01-11;Japanese
6;7;bourdais;;bou;Sébastien;Bourdais;1979-02-28;French
7;8;raikkonen;7;rai;Kimi;Räikkönen;1979-10-17;Finnish
8;9;kubica;88;kub;Robert;Kubica;1984-12-07;Polish
9;10;glock;;glo;Timo;Glock;1982-03-18;German
10;11;sato;;sat;Takuma;Sato;1977-01-28;Japanese
11;12;piquet_jr;;piq;Nelson;Piquet Jr.;1985-07-25;Brazilian
12;13;massa;19;mas;Felipe;Massa;1981-04-25;Brazilian
13;14;coulthard;;cou;David;Coulthard;1971-03-27;British
14;15;trulli;;tru;Jarno;Trulli;1974-07-13;Italian
15;16;sutil;99;sut;Adrian;Sutil;1983-01-11;German
16;17;webber;;web;Mark;Webber;1976-08-27;Australian
17;18;button;22;but;Jenson;Button;1980-01-19;British
18;19;davidson;;dav;Anthony;Davidson;1979-04-18;British
19;20;vettel;5;vet;Sebastian;Vettel;1987-07-03;German
20;21;fisichella;;fis;Giancarlo;Fisichella;1973-01-14;Italian
21;22;barrichello;;bar;Rubens;Barrichello;1972-05-23;Brazilian
22;23;ralf_schumacher;;ral;Ralf;Schumacher;1975-06-30;German
23;24;liuzzi;;liu;Vitantonio;Liuzzi;1980-08-06;Italian
24;25;wurz;;wur;Alexander;Wurz;1974-02-15;Austrian
25;26;speed;;spe;Scott;Speed;1983-01-24;American
26;27;albers;;alb;Christijan;Albers;1979-04-16;Dutch
27;28;markus_winkelhock;;mar;Markus;Winkelhock;1980-06-13;German
28;29;yamamoto;;yam;Sakon;Yamamoto;1982-07-09;Japanese
29;30;michael_schumacher;;mic;Michael;Schumacher;1969-01-03;German
30;31;montoya;;mon;Juan;Pablo Montoya;1975-09-20;Colombian
31;32;klien;;kli;Christian;Klien;1983-02-07;Austrian
32;33;monteiro;;mon;Tiago;Monteiro;1976-07-24;Portuguese
33;34;ide;;ide;Yuji;Ide;1975-01-21;Japanese
34;35;villeneuve;;vil;Jacques;Villeneuve;1971-04-09;Canadian
35;36;montagny;;mon;Franck;Montagny;1978-01-05;French
36;37;rosa;;ros;Pedro;de la Rosa;1971-02-24;Spanish
37;38;doornbos;;doo;Robert;Doornbos;1981-09-23;Dutch
38;39;karthikeyan;;kar;Narain;Karthikeyan;1977-01-14;Indian
39;40;friesacher;;fri;Patrick;Friesacher;1980-09-26;Austrian
40;41;zonta;;zon;Ricardo;Zonta;1976-03-23;Brazilian
41;42;pizzonia;;piz;Antônio;Pizzonia;1980-09-11;Brazilian
42;43;matta;;mat;Cristiano;da Matta;1973-09-19;Brazilian
43;44;panis;;pan;Olivier;Panis;1966-09-02;French
44;45;pantano;;pan;Giorgio;Pantano;1979-02-04;Italian
45;46;bruni;;bru;Gianmaria;Bruni;1981-05-30;Italian
46;47;baumgartner;;bau;Zsolt;Baumgartner;1981-01-01;Hungarian
47;48;gene;;gen;Marc;Gené;1974-03-29;Spanish
48;49;frentzen;;fre;Heinz-Harald;Frentzen;1967-05-18;German
49;50;verstappen;;ver;Jos;Verstappen;1972-03-04;Dutch
50;51;wilson;;wil;Justin;Wilson;1978-07-31;British
51;52;firman;;fir;Ralph;Firman;1975-05-20;Irish
52;53;kiesa;;kie;Nicolas;Kiesa;1978-03-03;Danish
53;54;burti;;bur;Luciano;Burti;1975-03-05;Brazilian
54;55;alesi;;ale;Jean;Alesi;1964-06-11;French
55;56;irvine;;irv;Eddie;Irvine;1965-11-10;British
56;57;hakkinen;;hak;Mika;Häkkinen;1968-09-28;Finnish
57;58;marques;;mar;Tarso;Marques;1976-01-19;Brazilian
58;59;bernoldi;;ber;Enrique;Bernoldi;1978-10-19;Brazilian
59;60;mazzacane;;maz;Gastón;Mazzacane;1975-05-08;Argentine
60;61;enge;;eng;Tomáš;Enge;1976-09-11;Czech
61;62;yoong;;yoo;Alex;Yoong;1976-07-20;Malaysian
62;63;salo;;sal;Mika;Salo;1966-11-30;Finnish
63;64;diniz;;din;Pedro;Diniz;1970-05-22;Brazilian
64;65;herbert;;her;Johnny;Herbert;1964-06-25;British
65;66;mcnish;;mcn;Allan;McNish;1969-12-29;British
66;67;buemi;;bue;Sébastien;Buemi;1988-10-31;Swiss
67;68;takagi;;tak;Toranosuke;Takagi;1974-02-12;Japanese
68;69;badoer;;bad;Luca;Badoer;1971-01-25;Italian
69;70;zanardi;;zan;Alessandro;Zanardi;1966-10-23;Italian
70;71;damon_hill;;dam;Damon;Hill;1960-09-17;British
71;72;sarrazin;;sar;Stéphane;Sarrazin;1975-11-02;French
72;73;rosset;;ros;Ricardo;Rosset;1968-07-27;Brazilian
73;74;tuero;;tue;Esteban;Tuero;1978-04-22;Argentine
74;75;nakano;;nak;Shinji;Nakano;1971-04-01;Japanese
75;76;magnussen;;mag;Jan;Magnussen;1973-07-04;Danish
76;77;berger;;ber;Gerhard;Berger;1959-08-27;Austrian
77;78;larini;;lar;Nicola;Larini;1964-03-19;Italian
78;79;katayama;;kat;Ukyo;Katayama;1963-05-29;Japanese
79;80;sospiri;;sos;Vincenzo;Sospiri;1966-10-07;Italian
80;81;morbidelli;;mor;Gianni;Morbidelli;1968-01-13;Italian
81;82;fontana;;fon;Norberto;Fontana;1975-01-20;Argentine
82;83;lamy;;lam;Pedro;Lamy;1972-03-20;Portuguese
83;84;brundle;;bru;Martin;Brundle;1959-06-01;British
84;85;montermini;;mon;Andrea;Montermini;1964-05-30;Italian
85;86;lavaggi;;lav;Giovanni;Lavaggi;1958-02-18;Italian
86;87;blundell;;blu;Mark;Blundell;1966-04-08;British
87;88;suzuki;;suz;Aguri;Suzuki;1960-09-08;Japanese
88;89;inoue;;ino;Taki;Inoue;1963-09-05;Japanese
89;90;moreno;;mor;Roberto;Moreno;1959-02-11;Brazilian
90;91;wendlinger;;wen;Karl;Wendlinger;1968-12-20;Austrian
91;92;gachot;;gac;Bertrand;Gachot;1962-12-23;Belgian
92;93;schiattarella;;sch;Domenico;Schiattarella;1967-11-17;Italian
93;94;martini;;mar;Pierluigi;Martini;1961-04-23;Italian
94;95;mansell;;man;Nigel;Mansell;1953-08-08;British
95;96;boullion;;bou;Jean-Christophe;Boullion;1969-12-27;French
96;97;papis;;pap;Massimiliano;Papis;1969-10-03;Italian
97;98;deletraz;;del;Jean-Denis;Délétraz;1963-10-01;Swiss
98;99;tarquini;;tar;Gabriele;Tarquini;1962-03-02;Italian
99;100;comas;;com;Érik;Comas;1963-09-28;French
100;101;brabham;;bra;David;Brabham;1965-09-05;Australian
101;102;senna;;sen;Ayrton;Senna;1960-03-21;Brazilian
102;103;bernard;;ber;Éric;Bernard;1964-08-24;French
103;104;fittipaldi;;fit;Christian;Fittipaldi;1971-01-18;Brazilian
104;105;alboreto;;alb;Michele;Alboreto;1956-12-23;Italian
105;106;beretta;;ber;Olivier;Beretta;1969-11-23;Monegasque
106;107;ratzenberger;;rat;Roland;Ratzenberger;1960-07-04;Austrian
107;108;belmondo;;bel;Paul;Belmondo;1963-04-23;French
108;109;lehto;;leh;Jyrki;Järvilehto;1966-01-31;Finnish
109;110;cesaris;;ces;Andrea;de Cesaris;1959-05-31;Italian
110;111;gounon;;gou;Jean-Marc;Gounon;1963-01-01;French
111;112;alliot;;all;Philippe;Alliot;1954-07-27;French
112;113;adams;;ada;Philippe;Adams;1969-11-19;Belgian
113;114;dalmas;;dal;Yannick;Dalmas;1961-07-28;French
114;115;noda;;nod;Hideki;Noda;1969-03-07;Japanese
115;116;lagorce;;lag;Franck;Lagorce;1968-09-01;French
116;117;prost;;pro;Alain;Prost;1955-02-24;French
117;118;warwick;;war;Derek;Warwick;1954-08-27;British
118;119;patrese;;pat;Riccardo;Patrese;1954-04-17;Italian
119;120;barbazza;;bar;Fabrizio;Barbazza;1963-04-02;Italian
120;121;andretti;;and;Michael;Andretti;1962-10-05;American
121;122;capelli;;cap;Ivan;Capelli;1963-05-24;Italian
122;123;boutsen;;bou;Thierry;Boutsen;1957-07-13;Belgian
123;124;apicella;;api;Marco;Apicella;1965-10-07;Italian
124;125;naspetti;;nas;Emanuele;Naspetti;1968-02-24;Italian
125;126;toshio_suzuki;;tos;Toshio;Suzuki;1955-03-10;Japanese
126;127;gugelmin;;gug;Maurício;Gugelmin;1963-04-20;Brazilian
127;128;poele;;poe;Eric;van de Poele;1961-09-30;Belgian
128;129;grouillard;;gro;Olivier;Grouillard;1958-09-02;French
129;130;chiesa;;chi;Andrea;Chiesa;1964-05-06;Swiss
130;131;modena;;mod;Stefano;Modena;1963-05-12;Italian
131;132;amati;;ama;Giovanna;Amati;1959-07-20;Italian
132;133;caffi;;caf;Alex;Caffi;1964-03-18;Italian
133;134;bertaggia;;ber;Enrico;Bertaggia;1964-09-19;Italian
134;135;mccarthy;;mcc;Perry;McCarthy;1961-03-03;British
135;136;lammers;;lam;Jan;Lammers;1956-06-02;Dutch
136;137;piquet;;piq;Nelson;Piquet;1952-08-17;Brazilian
137;138;satoru_nakajima;;sat;Satoru;Nakajima;1953-02-23;Japanese
138;139;pirro;;pir;Emanuele;Pirro;1962-01-12;Italian
139;140;johansson;;joh;Stefan;Johansson;1956-09-08;Swedish
140;141;bailey;;bai;Julian;Bailey;1961-10-09;British
141;142;chaves;;cha;Pedro;Chaves;1965-02-27;Portuguese
142;143;bartels;;bar;Michael;Bartels;1968-03-08;German
143;144;hattori;;hat;Naoki;Hattori;1966-06-13;Japanese
144;145;nannini;;nan;Alessandro;Nannini;1959-07-07;Italian
145;146;schneider;;sch;Bernd;Schneider;1964-07-20;German
146;147;barilla;;bar;Paolo;Barilla;1961-04-20;Italian
147;148;foitek;;foi;Gregor;Foitek;1965-03-27;Swiss
148;149;langes;;lan;Claudio;Langes;1960-07-20;Italian
149;150;gary_brabham;;gar;Gary;Brabham;1961-03-29;Australian
150;151;donnelly;;don;Martin;Donnelly;1964-03-26;British
151;152;giacomelli;;gia;Bruno;Giacomelli;1952-09-10;Italian
152;153;alguersuari;;alg;Jaime;Alguersuari;1990-03-23;Spanish
153;154;grosjean;8;gro;Romain;Grosjean;1986-04-17;French
154;155;kobayashi;10;kob;Kamui;Kobayashi;1986-09-13;Japanese
155;156;palmer;;pal;Jonathan;Palmer;1956-11-07;British
156;157;danner;;dan;Christian;Danner;1958-04-04;German
157;158;cheever;;che;Eddie;Cheever;1958-01-10;American
158;159;sala;;sal;Luis;Pérez-Sala;1959-05-15;Spanish
159;160;ghinzani;;ghi;Piercarlo;Ghinzani;1952-01-16;Italian
160;161;weidler;;wei;Volker;Weidler;1962-03-18;German
161;162;raphanel;;rap;Pierre-Henri;Raphanel;1961-05-27;French
162;163;arnoux;;arn;René;Arnoux;1948-07-04;French
163;164;joachim_winkelhock;;joa;Joachim;Winkelhock;1960-10-24;German
164;165;larrauri;;lar;Oscar;Larrauri;1954-08-19;Argentine
165;166;streiff;;str;Philippe;Streiff;1955-06-26;French
166;167;campos;;cam;Adrián;Campos;1960-06-17;Spanish
167;168;schlesser;;sch;Jean-Louis;Schlesser;1948-09-12;French
168;169;fabre;;fab;Pascal;Fabre;1960-01-09;French
169;170;fabi;;fab;Teo;Fabi;1955-03-09;Italian
170;171;forini;;for;Franco;Forini;1958-09-22;Swiss
171;172;laffite;;laf;Jacques;Laffite;1943-11-21;French
172;173;angelis;;ang;Elio;de Angelis;1958-03-26;Italian
173;174;dumfries;;dum;Johnny;Dumfries;1958-04-26;British
174;175;tambay;;tam;Patrick;Tambay;1949-06-25;French
175;176;surer;;sur;Marc;Surer;1951-09-18;Swiss
176;177;keke_rosberg;;kek;Keke;Rosberg;1948-12-06;Finnish
177;178;jones;;jon;Alan;Jones;1946-11-02;Australian
178;179;rothengatter;;rot;Huub;Rothengatter;1954-10-08;Dutch
179;180;berg;;ber;Allen;Berg;1961-08-01;Canadian
180;181;manfred_winkelhock;;man;Manfred;Winkelhock;1951-10-06;German
181;182;lauda;;lau;Niki;Lauda;1949-02-22;Austrian
182;183;hesnault;;hes;François;Hesnault;1956-12-30;French
183;184;baldi;;bal;Mauro;Baldi;1954-01-31;Italian
184;185;bellof;;bel;Stefan;Bellof;1957-11-20;German
185;186;acheson;;ach;Kenny;Acheson;1957-11-27;British
186;187;watson;;wat;John;Watson;1946-05-04;British
187;188;cecotto;;cec;Johnny;Cecotto;1956-01-25;Venezuelan
188;189;gartner;;gar;Jo;Gartner;1954-01-24;Austrian
189;190;corrado_fabi;;cor;Corrado;Fabi;1961-04-12;Italian
190;191;thackwell;;tha;Mike;Thackwell;1961-03-30;New Zealander
191;192;serra;;ser;Chico;Serra;1957-02-03;Brazilian
192;193;sullivan;;sul;Danny;Sullivan;1950-03-09;American
193;194;salazar;;sal;Eliseo;Salazar;1954-11-14;Chilean
194;195;guerrero;;gue;Roberto;Guerrero;1958-11-16;Colombian
195;196;boesel;;boe;Raul;Boesel;1957-12-04;Brazilian
196;197;jarier;;jar;Jean-Pierre;Jarier;1946-07-10;French
197;198;villeneuve_sr;;vil;Jacques;Villeneuve Sr.;1953-11-04;Canadian
198;199;reutemann;;reu;Carlos;Reutemann;1942-04-12;Argentine
199;200;mass;;mas;Jochen;Mass;1946-09-30;German
200;201;borgudd;;bor;Slim;Borgudd;1946-11-25;Swedish
201;202;pironi;;pir;Didier;Pironi;1952-03-26;French
202;203;gilles_villeneuve;;gil;Gilles;Villeneuve;1950-01-18;Canadian
203;204;paletti;;pal;Riccardo;Paletti;1958-06-15;Italian
204;205;henton;;hen;Brian;Henton;1946-09-19;British
205;206;daly;;dal;Derek;Daly;1953-03-11;Irish
206;207;mario_andretti;;mar;Mario;Andretti;1940-02-28;American
207;208;villota;;vil;Emilio;de Villota;1946-07-26;Spanish
208;209;lees;;lee;Geoff;Lees;1951-05-01;British
209;210;byrne;;byr;Tommy;Byrne;1958-05-06;Irish
210;211;keegan;;kee;Rupert;Keegan;1955-02-26;British
211;212;rebaque;;reb;Hector;Rebaque;1956-02-05;Mexican
212;213;gabbiani;;gab;Beppe;Gabbiani;1957-01-02;Italian
213;214;cogan;;cog;Kevin;Cogan;1956-03-31;American
214;215;guerra;;gue;Miguel Ángel;Guerra;1953-08-31;Argentine
215;216;stohr;;sto;Siegfried;Stohr;1952-10-10;Italian
216;217;zunino;;zun;Ricardo;Zunino;1949-04-13;Argentine
217;218;londono;;lon;Ricardo;Londoño;1949-08-08;Colombian
218;219;jabouille;;jab;Jean-Pierre;Jabouille;1942-10-01;French
219;220;francia;;fra;Giorgio;Francia;1947-11-08;Italian
220;221;depailler;;dep;Patrick;Depailler;1944-08-09;French
221;222;scheckter;;sch;Jody;Scheckter;1950-01-29;South African
222;223;regazzoni;;reg;Clay;Regazzoni;1939-09-05;Swiss
223;224;emerson_fittipaldi;;eme;Emerson;Fittipaldi;1946-12-12;Brazilian
224;225;kennedy;;ken;Dave;Kennedy;1953-01-15;Irish
225;226;south;;sou;Stephen;South;1952-02-19;British
226;227;needell;;nee;Tiff;Needell;1951-10-29;British
227;228;desire_wilson;;des;Desiré;Wilson;1953-11-26;South African
228;229;ertl;;ert;Harald;Ertl;1948-08-31;Austrian
229;230;brambilla;;bra;Vittorio;Brambilla;1937-11-11;Italian
230;231;hunt;;hun;James;Hunt;1947-08-29;British
231;232;merzario;;mer;Arturo;Merzario;1943-03-11;Italian
232;233;stuck;;stu;Hans-Joachim;Stuck;1951-01-01;German
233;234;brancatelli;;bra;Gianfranco;Brancatelli;1950-01-18;Italian
234;235;ickx;;ick;Jacky;Ickx;1945-01-01;Belgian
235;236;gaillard;;gai;Patrick;Gaillard;1952-02-12;French
236;237;ribeiro;;rib;Alex;Ribeiro;1948-11-07;Brazilian
237;238;peterson;;pet;Ronnie;Peterson;1944-02-14;Swedish
238;239;lunger;;lun;Brett;Lunger;1945-11-14;American
239;240;ongais;;ong;Danny;Ongais;1942-05-21;American
240;241;leoni;;leo;Lamberto;Leoni;1953-05-24;Italian
241;242;galica;;gal;Divina;Galica;1944-08-13;British
242;243;stommelen;;sto;Rolf;Stommelen;1943-07-11;German
243;244;colombo;;col;Alberto;Colombo;1946-02-23;Italian
244;245;trimmer;;tri;Tony;Trimmer;1943-01-24;British
245;246;binder;;bin;Hans;Binder;1948-06-12;Austrian
246;247;bleekemolen;;ble;Michael;Bleekemolen;1949-10-02;Dutch
247;248;gimax;;gim;Carlo;Franchi;1938-01-01;Italian
248;249;rahal;;rah;Bobby;Rahal;1953-01-10;American
249;250;pace;;pac;Carlos;Pace;1944-10-06;Brazilian
250;251;ian_scheckter;;ian;Ian;Scheckter;1947-08-22;South African
251;252;pryce;;pry;Tom;Pryce;1949-06-11;British
252;253;hoffmann;;hof;Ingo;Hoffmann;1953-02-28;Brazilian
253;254;zorzi;;zor;Renzo;Zorzi;1946-12-12;Italian
254;255;nilsson;;nil;Gunnar;Nilsson;1948-11-20;Swedish
255;256;perkins;;per;Larry;Perkins;1950-03-18;Australian
256;257;hayje;;hay;Boy;Lunger;1949-05-03;Dutch
257;258;neve;;nev;Patrick;Nève;1949-10-13;Belgian
258;259;purley;;pur;David;Purley;1945-01-26;British
259;260;andersson;;and;Conny;Andersson;1939-12-28;Swedish
260;261;dryver;;dry;Bernard;de Dryver;1952-09-19;Belgian
261;262;oliver;;oli;Jackie;Oliver;1942-08-14;British
262;263;kozarowitzky;;koz;Mikko;Kozarowitzky;1948-05-17;Finnish
263;264;sutcliffe;;sut;Andy;Sutcliffe;1947-05-09;British
264;265;edwards;;edw;Guy;Edwards;1942-12-30;British
265;266;mcguire;;mcg;Brian;McGuire;1945-12-13;Australian
266;267;schuppan;;sch;Vern;Schuppan;1943-03-19;Australian
267;268;heyer;;hey;Hans;Heyer;1943-03-16;German
268;269;pilette;;pil;Teddy;Pilette;1942-07-26;Belgian
269;270;ashley;;ash;Ian;Ashley;1947-10-26;British
270;271;kessel;;kes;Loris;Kessel;1950-04-01;Swiss
271;272;takahashi;;tak;Kunimitsu;Takahashi;1940-01-29;Japanese
272;273;hoshino;;hos;Kazuyoshi;Hoshino;1947-07-01;Japanese
273;274;takahara;;tak;Noritake;Takahara;1951-06-06;Japanese
274;275;lombardi;;lom;Lella;Lombardi;1941-03-26;Italian
275;276;evans;;eva;Bob;Evans;1947-06-11;British
276;277;leclere;;lec;Michel;Leclère;1946-03-18;French
277;278;amon;;amo;Chris;Amon;1943-07-20;New Zealander
278;279;zapico;;zap;Emilio;Zapico;1944-05-27;Spanish
279;280;pescarolo;;pes;Henri;Pescarolo;1942-09-25;French
280;281;nelleman;;nel;Jac;Nelleman;1944-04-19;Danish
281;282;magee;;mag;Damien;Magee;1945-11-17;British
282;283;wilds;;wil;Mike;Wilds;1946-01-07;British
283;284;pesenti_rossi;;pes;Alessandro;Pesenti-Rossi;1942-08-31;Italian
284;285;stuppacher;;stu;Otto;Stuppacher;1947-03-03;Austrian
285;286;brown;;bro;Warwick;Brown;1949-12-24;Australian
286;287;hasemi;;has;Masahiro;Hasemi;1945-11-13;Japanese
287;288;donohue;;don;Mark;Donohue;1937-03-18;American
288;289;hill;;hil;Graham;Hill;1929-02-15;British
289;290;wilson_fittipaldi;;wil;Wilson;Fittipaldi;1943-12-25;Brazilian
290;291;tunmer;;tun;Guy;Tunmer;1948-12-01;South African
291;292;keizan;;kei;Eddie;Keizan;1944-09-12;South African
292;293;charlton;;cha;Dave;Charlton;1936-10-27;South African
293;294;brise;;bri;Tony;Brise;1952-03-28;British
294;295;wunderink;;wun;Roelof;Wunderink;1948-12-12;Dutch
295;296;migault;;mig;François;Migault;1944-12-04;French
296;297;palm;;pal;Torsten;Palm;1947-07-23;Swedish
297;298;lennep;;len;Gijs;van Lennep;1942-03-16;Dutch
298;299;fushida;;fus;Hiroshi;Fushida;1946-03-10;Japanese
299;300;nicholson;;nic;John;Nicholson;1941-10-06;New Zealander
300;301;morgan;;mor;Dave;Morgan;1944-08-07;British
301;302;crawford;;cra;Jim;Crawford;1948-02-13;British
302;303;vonlanthen;;von;Jo;Vonlanthen;1942-05-31;Swiss
303;304;hulme;;hul;Denny;Hulme;1936-06-18;New Zealander
304;305;hailwood;;hai;Mike;Hailwood;1940-04-02;British
305;306;beltoise;;bel;Jean-Pierre;Beltoise;1937-04-26;French
306;307;ganley;;gan;Howden;Ganley;1941-12-24;New Zealander
307;308;robarts;;rob;Richard;Robarts;1944-09-22;British
308;309;revson;;rev;Peter;Revson;1939-02-27;American
309;310;driver;;dri;Paddy;Driver;1934-05-13;South African
310;311;belso;;bel;Tom;Belsø;1942-08-27;Danish
311;312;redman;;red;Brian;Redman;1937-03-09;British
312;313;opel;;ope;Rikky;von Opel;1947-10-14;Liechtensteiner
313;314;schenken;;sch;Tim;Schenken;1943-09-26;Australian
314;315;larrousse;;lar;Gérard;Larrousse;1940-05-23;French
315;316;kinnunen;;kin;Leo;Kinnunen;1943-08-05;Finnish
316;317;wisell;;wis;Reine;Wisell;1941-09-30;Swedish
317;318;roos;;roo;Bertil;Roos;1943-10-12;Swedish
318;319;dolhem;;dol;José;Dolhem;1944-04-26;French
319;320;gethin;;get;Peter;Gethin;1940-02-21;British
320;321;bell;;bel;Derek;Bell;1941-10-31;British
321;322;hobbs;;hob;David;Hobbs;1939-06-09;British
322;323;quester;;que;Dieter;Quester;1939-05-30;Austrian
323;324;koinigg;;koi;Helmuth;Koinigg;1948-11-03;Austrian
324;325;facetti;;fac;Carlo;Facetti;1935-06-26;Italian
325;326;wietzes;;wie;Eppie;Wietzes;1938-05-28;Canadian
326;327;cevert;;cev;François;Cevert;1944-02-25;French
327;328;stewart;;ste;Jackie;Stewart;1939-06-11;British
328;329;beuttler;;beu;Mike;Beuttler;1940-04-13;British
329;330;galli;;gal;Nanni;Galli;1940-10-02;Italian
330;331;bueno;;bue;Luiz;Bueno;1937-01-16;Brazilian
331;332;follmer;;fol;George;Follmer;1934-01-27;American
332;333;adamich;;ada;Andrea;de Adamich;1941-10-03;Italian
333;334;pretorius;;pre;Jackie;Pretorius;1934-11-22;South African
334;335;williamson;;wil;Roger;Williamson;1948-02-02;British
335;336;mcrae;;mcr;Graham;McRae;1940-03-05;New Zealander
336;337;marko;;mar;Helmut;Marko;1943-04-27;Austrian
337;338;walker;;wal;David;Walker;1941-06-10;Australian
338;339;roig;;roi;Alex;Soler-Roig;1932-10-29;Spanish
339;340;love;;lov;John;Love;1924-12-07;Rhodesian
340;341;surtees;;sur;John;Surtees;1934-02-11;British
341;342;barber;;bar;Skip;Barber;1936-11-16;American
342;343;brack;;bra;Bill;Brack;1935-12-26;Canadian
343;344;posey;;pos;Sam;Posey;1944-05-26;American
344;345;rodriguez;;rod;Pedro;Rodríguez;1940-01-18;Mexican
345;346;siffert;;sif;Jo;Siffert;1936-07-07;Swiss
346;347;bonnier;;bon;Jo;Bonnier;1930-01-31;Swedish
347;348;mazet;;maz;François;Mazet;1943-02-24;French
348;349;jean;;jea;Max;Jean;1943-07-27;French
349;350;elford;;elf;Vic;Elford;1935-06-10;British
350;351;moser;;mos;Silvio;Moser;1941-04-24;Swiss
351;352;eaton;;eat;George;Eaton;1945-11-12;Canadian
352;353;lovely;;lov;Pete;Lovely;1926-04-11;American
353;354;craft;;cra;Chris;Craft;1939-11-17;British
354;355;Cannoc;;Can;John;Cannon;1933-06-21;Canadian
355;356;jack_brabham;;jac;Jack;Brabham;1926-04-02;Australian
356;357;miles;;mil;John;Miles;1943-06-14;British
357;358;rindt;;rin;Jochen;Rindt;1942-04-18;Austrian
358;359;gavin;;gav;Johnny;Servoz-Gavin;1942-01-18;French
359;360;mclaren;;mcl;Bruce;McLaren;1937-08-30;New Zealander
360;361;courage;;cou;Piers;Courage;1942-05-27;British
361;362;klerk;;kle;Peter;de Klerk;1935-03-16;South African
362;363;giunti;;giu;Ignazio;Giunti;1941-08-30;Italian
363;364;gurney;;gur;Dan;Gurney;1931-04-13;American
364;365;hahne;;hah;Hubert;Hahne;1935-03-28;German
365;366;hutchison;;hut;Gus;Hutchison;1937-04-26;American
366;367;westbury;;wes;Peter;Westbury;1938-05-26;British
367;368;tingle;;tin;Sam;Tingle;1921-08-24;Rhodesian
368;369;rooyen;;roo;Basil;van Rooyen;1939-04-19;South African
369;370;attwood;;att;Richard;Attwood;1940-04-04;British
370;371;pease;;pea;Al;Pease;1921-10-15;Canadian
371;372;cordts;;cor;John;Cordts;1935-07-23;Canadian
372;373;clark;;cla;Jim;Clark;1936-03-04;British
373;374;spence;;spe;Mike;Spence;1936-12-30;British
374;375;scarfiotti;;sca;Ludovico;Scarfiotti;1933-10-18;Italian
375;376;bianchi;;bia;Lucien;Bianchi;1934-11-10;Belgian
376;377;jo_schlesser;;jo_;Jo;Schlesser;1928-05-18;French
377;378;widdows;;wid;Robin;Widdows;1942-05-27;British
378;379;ahrens;;ahr;Kurt;Ahrens;1940-04-19;German
379;380;gardner;;gar;Frank;Gardner;1930-10-01;Australian
380;381;unser;;uns;Bobby;Unser;1934-02-20;American
381;382;solana;;sol;Moisés;Solana;1935-12-26;Mexican
382;383;anderson;;and;Bob;Anderson;1931-05-19;British
383;384;botha;;bot;Luki;Botha;1930-01-16;South African
384;385;bandini;;ban;Lorenzo;Bandini;1935-12-21;Italian
385;386;ginther;;gin;Richie;Ginther;1930-08-05;American
386;387;parkes;;par;Mike;Parkes;1931-09-24;British
387;388;irwin;;irw;Chris;Irwin;1942-06-27;British
388;389;ligier;;lig;Guy;Ligier;1930-07-12;French
389;390;rees;;ree;Alan;Rees;1938-01-12;British
390;391;hart;;har;Brian;Hart;1936-09-07;British
391;392;fisher;;fis;Mike;Fisher;1943-03-13;American
392;393;tom_jones;;tom;Tom;Jones;1943-04-26;American
393;394;baghetti;;bag;Giancarlo;Baghetti;1934-12-25;Italian
394;395;williams;;wil;Jonathan;Williams;1942-10-26;British
395;396;bondurant;;bon;Bob;Bondurant;1933-04-27;American
396;397;arundell;;aru;Peter;Arundell;1933-11-08;British
397;398;vic_wilson;;vic;Vic;Wilson;1931-04-14;British
398;399;taylor;;tay;John;Taylor;1933-03-23;British
399;400;lawrence;;law;Chris;Lawrence;1933-07-27;British
400;401;trevor_taylor;;tre;Trevor;Taylor;1936-12-26;British
401;402;geki;;gek;Giacomo;Russo;1937-10-23;Italian
402;403;phil_hill;;phi;Phil;Hill;1927-04-20;American
403;404;ireland;;ire;Innes;Ireland;1930-06-12;British
404;405;bucknum;;buc;Ronnie;Bucknum;1936-04-05;American
405;406;hawkins;;haw;Paul;Hawkins;1937-10-12;Australian
406;407;prophet;;pro;David;Prophet;1937-10-09;British
407;408;maggs;;mag;Tony;Maggs;1937-02-09;South African
408;409;blokdyk;;blo;Trevor;Blokdyk;1935-11-30;South African
409;410;lederle;;led;Neville;Lederle;1938-09-25;South African
410;411;serrurier;;ser;Doug;Serrurier;1920-12-09;South African
411;412;niemann;;nie;Brausch;Niemann;1939-01-07;South African
412;413;pieterse;;pie;Ernie;Pieterse;1938-07-04;South African
413;414;puzey;;puz;Clive;Puzey;1941-07-11;Rhodesian
414;415;reed;;ree;Ray;Reed;1932-04-30;South African
415;416;clapham;;cla;David;Clapham;1931-05-18;South African
416;417;blignaut;;bli;Alex;Blignaut;1932-11-30;South African
417;418;gregory;;gre;Masten;Gregory;1932-02-29;American
418;419;rhodes;;rho;John;Rhodes;1927-08-18;British
419;420;raby;;rab;Ian;Raby;1921-09-22;British
420;421;rollinson;;rol;Alan;Rollinson;1943-05-15;British
421;422;gubby;;gub;Brian;Gubby;1934-04-17;British
422;423;mitter;;mit;Gerhard;Mitter;1935-08-30;German
423;424;bussinello;;bus;Roberto;Bussinello;1927-10-04;Italian
424;425;vaccarella;;vac;Nino;Vaccarella;1933-03-04;Italian
425;426;bassi;;bas;Giorgio;Bassi;1934-01-20;Italian
426;427;trintignant;;tri;Maurice;Trintignant;1917-10-30;French
427;428;collomb;;col;Bernard;Collomb;1930-10-07;French
428;429;andre_pilette;;and;André;Pilette;1918-10-06;Belgian
429;430;beaufort;;bea;Carel Godin;de Beaufort;1934-04-10;Dutch
430;431;barth;;bar;Edgar;Barth;1917-01-26;German
431;432;cabral;;cab;Mário de Araújo;Cabral;1934-01-15;Portuguese
432;433;hansgen;;han;Walt;Hansgen;1919-10-28;American
433;434;sharp;;sha;Hap;Sharp;1928-01-01;American
434;435;mairesse;;mai;Willy;Mairesse;1928-10-01;Belgian
435;436;campbell-jones;;cam;John;Campbell-Jones;1930-01-21;British
436;437;burgess;;bur;Ian;Burgess;1930-07-06;British
437;438;settember;;set;Tony;Settember;1926-07-10;American
438;439;estefano;;est;Nasif;Estéfano;1932-11-18;Argentine
439;440;hall;;hal;Jim;Hall;1935-07-23;American
440;441;parnell;;par;Tim;Parnell;1932-06-25;British
441;442;kuhnke;;kuh;Kurt;Kuhnke;1910-04-30;German
442;443;ernesto_brambilla;;ern;Ernesto;Brambilla;1934-01-31;Italian
443;444;lippi;;lip;Roberto;Lippi;1926-10-17;Italian
444;445;seiffert;;sei;Günther;Seiffert;1937-10-18;German
445;446;abate;;aba;Carlo;Abate;1932-07-10;Italian
446;447;starrabba;;sta;Gaetano;Starrabba;1932-12-03;Italian
447;448;broeker;;bro;Peter;Broeker;1926-05-15;Canadian
448;449;ward;;war;Rodger;Ward;1921-01-10;American
449;450;vos;;vos;Ernie;de Vos;1941-07-01;Dutch
450;451;dochnal;;doc;Frank;Dochnal;1920-10-08;American
451;452;monarch;;mon;Thomas;Monarch;1945-09-03;American
452;842;gasly;10;gas;Pierre;Gasly;1996-02-07;French
453;453;lewis;;lew;Jackie;Lewis;1936-11-01;British
454;454;ricardo_rodriguez;;ric;Ricardo;Rodríguez;1942-02-14;Mexican
455;455;seidel;;sei;Wolfgang;Seidel;1926-07-04;German
456;456;salvadori;;sal;Roy;Salvadori;1922-05-12;British
457;457;pon;;pon;Ben;Pon;1936-12-09;Dutch
458;458;slotemaker;;slo;Rob;Slotemaker;1929-06-13;Dutch
459;459;marsh;;mar;Tony;Marsh;1931-07-20;British
460;460;ashmore;;ash;Gerry;Ashmore;1936-07-25;British
461;461;schiller;;sch;Heinz;Schiller;1930-01-25;Swiss
462;462;davis;;dav;Colin;Davis;1933-07-29;British
463;463;chamberlain;;cha;Jay;Chamberlain;1925-12-29;American
464;464;shelly;;she;Tony;Shelly;1937-02-02;New Zealander
465;465;greene;;gre;Keith;Greene;1938-01-05;British
466;466;walter;;wal;Heini;Walter;1927-07-28;Swiss
467;467;prinoth;;pri;Ernesto;Prinoth;1923-04-15;Italian
468;468;penske;;pen;Roger;Penske;1937-02-20;American
469;469;schroeder;;sch;Rob;Schroeder;1926-05-11;British
470;470;mayer;;may;Timmy;Mayer;1938-02-22;American
471;471;johnstone;;joh;Bruce;Johnstone;1937-01-30;South African
472;472;harris;;har;Mike;Harris;1939-05-25;South African
473;473;hocking;;hoc;Gary;Hocking;1937-09-30;Rhodesian
474;474;vyver;;vyv;Syd;van der Vyver;1920-06-01;South African
475;475;moss;;mos;Stirling;Moss;1929-09-17;British
476;476;trips;;tri;Wolfgang;von Trips;1928-05-04;German
477;477;allison;;all;Cliff;Allison;1932-02-08;British
478;478;herrmann;;her;Hans;Herrmann;1928-02-23;German
479;479;brooks;;bro;Tony;Brooks;1932-02-25;British
480;480;may;;may;Michael;May;1934-08-18;Swiss
481;481;henry_taylor;;hen;Henry;Taylor;1932-12-16;British
482;482;gendebien;;gen;Olivier;Gendebien;1924-01-12;Belgian
483;483;scarlatti;;sca;Giorgio;Scarlatti;1921-10-02;Italian
484;484;naylor;;nay;Brian;Naylor;1923-03-24;British
485;485;bordeu;;bor;Juan Manuel;Bordeu;1934-01-28;Argentine
486;486;fairman;;fai;Jack;Fairman;1913-03-15;British
487;487;natili;;nat;Massimo;Natili;1935-07-28;Italian
488;488;monteverdi;;mon;Peter;Monteverdi;1934-06-07;Swiss
489;489;pirocchi;;pir;Renato;Pirocchi;1933-03-26;Italian
490;490;duke;;duk;Geoff;Duke;1923-03-29;British
491;491;thiele;;thi;Alfonso;Thiele;1920-04-05;American-Italian
492;492;boffa;;bof;Menato;Boffa;1930-01-04;Italian
493;493;ryan;;rya;Peter;Ryan;1940-06-10;Canadian
494;494;ruby;;rub;Lloyd;Ruby;1928-01-12;American
495;495;ken_miles;;ken;Ken;Miles;1918-11-01;British
496;496;menditeguy;;men;Carlos;Menditeguy;1914-08-10;Argentine
497;497;larreta;;lar;Alberto Rodriguez;Larreta;1934-01-14;Argentine
498;498;gonzalez;;gon;José Froilán;González;1922-10-05;Argentine
499;499;bonomi;;bon;Roberto;Bonomi;1919-09-30;Argentine
500;500;munaron;;mun;Gino;Munaron;1928-04-02;Italian
501;501;schell;;sch;Harry;Schell;1921-06-29;American
502;502;stacey;;sta;Alan;Stacey;1933-08-29;British
503;503;chimeri;;chi;Ettore;Chimeri;1921-06-04;Venezuelan
504;504;creus;;cre;Antonio;Creus;1924-10-28;Spanish
505;505;bristow;;bri;Chris;Bristow;1937-12-02;British
506;506;halford;;hal;Bruce;Halford;1931-05-18;British
507;507;daigh;;dai;Chuck;Daigh;1923-11-29;American
508;508;reventlow;;rev;Lance;Reventlow;1936-02-24;American
509;509;rathmann;;rat;Jim;Rathmann;1928-07-16;American
510;510;goldsmith;;gol;Paul;Goldsmith;1925-10-02;American
511;511;branson;;bra;Don;Branson;1920-06-02;American
512;512;thomson;;tho;Johnny;Thomson;1922-04-09;American
513;513;johnson;;joh;Eddie;Johnson;1919-02-10;American
514;514;veith;;vei;Bob;Veith;1926-11-01;American
515;515;tingelstad;;tin;Bud;Tingelstad;1928-04-04;American
516;516;christie;;chr;Bob;Christie;1924-04-04;American
517;517;amick;;ami;Red;Amick;1929-01-19;American
518;518;darter;;dar;Duane;Carter;1913-05-05;American
519;519;homeier;;hom;Bill;Homeier;1918-08-31;American
520;520;hartley;;har;Gene;Hartley;1926-01-28;American
521;521;stevenson;;ste;Chuck;Stevenson;1919-10-15;American
522;522;grim;;gri;Bobby;Grim;1924-09-04;American
523;523;templeman;;tem;Shorty;Templeman;1919-08-12;American
524;524;hurtubise;;hur;Jim;Hurtubise;1932-12-05;American
525;525;bryan;;bry;Jimmy;Bryan;1926-01-28;American
526;526;ruttman;;rut;Troy;Ruttman;1930-03-11;American
527;527;sachs;;sac;Eddie;Sachs;1927-05-28;American
528;528;freeland;;fre;Don;Freeland;1925-03-25;American
529;529;bettenhausen;;bet;Tony;Bettenhausen;1916-09-12;American
530;530;weiler;;wei;Wayne;Weiler;1934-12-09;American
531;531;foyt;;foy;Anthony;Foyt;1935-01-16;American
532;532;russo;;rus;Eddie;Russo;1925-11-19;American
533;533;boyd;;boy;Johnny;Boyd;1926-08-19;American
534;534;force;;for;Gene;Force;1916-06-15;American
535;535;mcwithey;;mcw;Jim;McWithey;1927-07-04;American
536;536;sutton;;sut;Len;Sutton;1925-08-09;American
537;537;dick_rathmann;;dic;Dick;Rathmann;1924-01-06;American
538;538;herman;;her;Al;Herman;1927-03-15;American
539;539;dempsey_wilson;;dem;Dempsey;Wilson;1927-03-11;American
540;540;mike_taylor;;mik;Mike;Taylor;1934-04-24;British
541;541;flockhart;;flo;Ron;Flockhart;1923-06-16;British
542;542;piper;;pip;David;Piper;1930-12-02;British
543;543;cabianca;;cab;Giulio;Cabianca;1923-02-19;Italian
544;544;drogo;;dro;Piero;Drogo;1926-08-08;Italian
545;545;gamble;;gam;Fred;Gamble;1932-03-17;American
546;546;owen;;owe;Arthur;Owen;1915-03-23;British
547;547;gould;;gou;Horace;Gould;1918-09-20;British
548;548;drake;;dra;Bob;Drake;1919-12-14;American
549;549;bueb;;bue;Ivor;Bueb;1923-06-06;British
550;550;Changy;;Cha;Alain;de Changy;1922-02-05;Belgian
551;551;filippis;;fil;Maria;de Filippis;1926-11-11;Italian
552;552;lucienbonnet;;luc;Jean;Lucienbonnet;1923-01-07;French
553;553;testut;;tes;André;Testut;1926-04-13;Monegasque
554;554;behra;;beh;Jean;Behra;1921-02-16;French
555;555;paul_russo;;pau;Paul;Russo;1914-04-10;American
556;556;daywalt;;day;Jimmy;Daywalt;1924-08-28;American
557;557;arnold;;arn;Chuck;Arnold;1926-05-30;American
558;558;keller;;kel;Al;Keller;1920-04-11;American
559;559;flaherty;;fla;Pat;Flaherty;1926-01-06;American
560;560;cheesbourg;;che;Bill;Cheesbourg;1927-06-12;American
561;561;ray_crawford;;ray;Ray;Crawford;1915-10-26;American
562;562;turner;;tur;Jack;Turner;1920-02-12;American
563;563;weyant;;wey;Chuck;Weyant;1923-04-03;American
564;564;larson;;lar;Jud;Larson;1923-01-21;American
565;565;magill;;mag;Mike;Magill;1920-02-08;American
566;566;shelby;;she;Carroll;Shelby;1923-01-11;American
567;567;orey;;ore;Fritz;d'Orey;1938-03-25;Brazilian
568;568;fontes;;fon;Azdrubal;Fontes;1922-12-26;Uruguayan
569;569;ashdown;;ash;Peter;Ashdown;1934-10-16;British
570;570;bill_moss;;bil;Bill;Moss;1933-09-04;British
571;571;dennis_taylor;;den;Dennis;Taylor;1921-06-12;British
572;572;blanchard;;bla;Harry;Blanchard;1929-06-13;American
573;573;tomaso;;tom;Alessandro;de Tomaso;1928-07-10;Argentine-Italian
574;574;constantine;;con;George;Constantine;1918-02-22;American
575;575;said;;sai;Bob;Said;1932-05-05;American
576;576;cade;;cad;Phil;Cade;1916-06-12;American
577;577;musso;;mus;Luigi;Musso;1924-07-28;Italian
578;578;hawthorn;;haw;Mike;Hawthorn;1929-04-10;British
579;579;fangio;;fan;Juan;Fangio;1911-06-24;Argentine
580;580;godia;;god;Paco;Godia;1921-03-21;Spanish
581;581;collins;;col;Peter;Collins;1931-11-06;British
582;582;kavanagh;;kav;Ken;Kavanagh;1923-12-12;Australian
583;583;gerini;;ger;Gerino;Gerini;1928-08-10;Italian
584;584;kessler;;kes;Bruce;Kessler;1936-03-23;American
585;585;emery;;eme;Paul;Emery;1916-11-12;British
586;586;piotti;;pio;Luigi;Piotti;1913-10-27;Italian
587;587;ecclestone;;ecc;Bernie;Ecclestone;1930-10-28;British
588;588;taramazzo;;tar;Luigi;Taramazzo;1932-05-05;Italian
589;589;chiron;;chi;Louis;Chiron;1899-08-03;Monegasque
590;590;lewis-evans;;lew;Stuart;Lewis-Evans;1930-04-20;British
591;591;george_amick;;geo;George;Amick;1924-10-24;American
592;592;reece;;ree;Jimmy;Reece;1929-11-17;American
593;593;parsons;;par;Johnnie;Parsons;1918-07-04;American
594;594;tolan;;tol;Johnnie;Tolan;1917-10-22;American
595;595;garrett;;gar;Billy;Garrett;1933-04-24;American
596;596;elisian;;eli;Ed;Elisian;1926-12-09;American
597;597;connor;;con;Pat;O'Connor;1928-10-09;American
598;598;jerry_unser;;jer;Jerry;Unser;1932-11-15;American
599;599;bisch;;bis;Art;Bisch;1926-11-10;American
600;600;goethals;;goe;Christian;Goethals;1928-08-04;Belgian
601;601;gibson;;gib;Dick;Gibson;1918-04-16;British
602;602;la_caze;;la_;Robert;La Caze;1917-02-26;French
603;603;guelfi;;gue;André;Guelfi;1919-05-06;French
604;604;picard;;pic;François;Picard;1921-04-26;French
605;605;bridger;;bri;Tom;Bridger;1934-06-24;British
606;606;portago;;por;Alfonso;de Portago;1928-10-11;Spanish
607;607;perdisa;;per;Cesare;Perdisa;1932-10-21;Italian
608;608;castellotti;;cas;Eugenio;Castellotti;1930-10-10;Italian
609;609;simon;;sim;André;Simon;1920-01-05;French
610;610;leston;;les;Les;Leston;1920-12-16;British
611;611;hanks;;han;Sam;Hanks;1914-07-13;American
612;612;linden;;lin;Andy;Linden;1922-04-05;American
613;613;teague;;tea;Marshall;Teague;1921-02-22;American
614;614;edmunds;;edm;Don;Edmunds;1930-09-23;American
615;615;agabashian;;aga;Fred;Agabashian;1913-08-21;American
616;616;george;;geo;Elmer;George;1928-07-15;American
617;617;macdowel;;mac;Mike;MacDowel;1932-09-13;British
618;618;mackay-fraser;;mac;Herbert;MacKay-Fraser;1927-06-23;American
619;619;gerard;;ger;Bob;Gerard;1914-01-19;British
620;620;maglioli;;mag;Umberto;Maglioli;1928-06-05;Italian
621;621;england;;eng;Paul;England;1929-03-28;Australian
622;622;landi;;lan;Chico;Landi;1907-07-14;Brazilian
623;623;uria;;uri;Alberto;Uria;1924-07-11;Uruguayan
624;624;ramos;;ram;Hernando;da Silva Ramos;1925-12-07;Brazilian
625;625;bayol;;bay;Élie;Bayol;1914-02-28;French
626;626;manzon;;man;Robert;Manzon;1917-04-12;French
627;627;rosier;;ros;Louis;Rosier;1905-11-05;French
628;628;sweikert;;swe;Bob;Sweikert;1926-05-20;American
629;629;griffith;;gri;Cliff;Griffith;1916-02-06;American
630;630;dinsmore;;din;Duke;Dinsmore;1913-04-10;American
631;631;andrews;;and;Keith;Andrews;1920-06-15;American
632;632;frere;;fre;Paul;Frère;1917-01-30;Belgian
633;633;villoresi;;vil;Luigi;Villoresi;1909-05-16;Italian
634;634;scotti;;sco;Piero;Scotti;1909-11-11;Italian
635;635;chapman;;cha;Colin;Chapman;1928-05-19;British
636;636;titterington;;tit;Desmond;Titterington;1928-05-01;British
637;637;scott_Brown;;sco;Archie;Scott Brown;1927-05-13;British
638;638;volonterio;;vol;Ottorino;Volonterio;1917-12-07;Swiss
639;639;milhoux;;mil;André;Milhoux;1928-12-09;Belgian
640;640;graffenried;;gra;Toulo;de Graffenried;1914-05-18;Swiss
641;641;taruffi;;tar;Piero;Taruffi;1906-10-12;Italian
642;642;farina;;far;Nino;Farina;1906-10-30;Italian
643;643;mieres;;mie;Roberto;Mieres;1924-12-03;Argentine
644;644;mantovani;;man;Sergio;Mantovani;1929-05-22;Italian
645;645;bucci;;buc;Clemar;Bucci;1920-09-04;Argentine
646;646;iglesias;;igl;Jesús;Iglesias;1922-02-22;Argentine
647;647;ascari;;asc;Alberto;Ascari;1918-07-13;Italian
648;648;kling;;kli;Karl;Kling;1910-09-16;German
649;649;birger;;bir;Pablo;Birger;1924-01-07;Argentine
650;650;pollet;;pol;Jacques;Pollet;1922-07-02;French
651;651;macklin;;mac;Lance;Macklin;1919-09-02;British
652;652;whiteaway;;whi;Ted;Whiteaway;1928-11-01;British
653;653;davies;;dav;Jimmy;Davies;1929-08-08;American
654;654;faulkner;;fau;Walt;Faulkner;1920-02-16;American
655;655;niday;;nid;Cal;Niday;1914-04-29;American
656;656;cross;;cro;Art;Cross;1918-01-24;American
657;657;vukovich;;vuk;Bill;Vukovich;1918-12-13;American
658;658;mcgrath;;mcg;Jack;McGrath;1919-10-08;American
659;659;hoyt;;hoy;Jerry;Hoyt;1929-01-29;American
660;660;claes;;cla;Johnny;Claes;1916-08-11;Belgian
661;661;peter_walker;;pet;Peter;Walker;1912-10-07;British
662;662;sparken;;spa;Mike;Sparken;1930-06-16;French
663;663;wharton;;wha;Ken;Wharton;1916-03-21;British
664;664;mcalpine;;mca;Kenneth;McAlpine;1920-09-21;British
665;665;marr;;mar;Leslie;Marr;1922-08-14;British
666;666;rolt;;rol;Tony;Rolt;1918-10-16;British
667;667;fitch;;fit;John;Fitch;1917-08-04;American
668;668;lucas;;luc;Jean;Lucas;1917-04-25;French
669;669;bira;;bir;Prince;Bira;1914-07-15;Thai
670;670;marimon;;mar;Onofre;Marimón;1923-12-19;Argentine
671;671;loyer;;loy;Roger;Loyer;1907-08-05;French
672;672;daponte;;dap;Jorge;Daponte;1923-06-05;Argentine
673;673;nazaruk;;naz;Mike;Nazaruk;1921-10-02;American
674;674;crockett;;cro;Larry;Crockett;1926-10-23;American
675;675;ayulo;;ayu;Manny;Ayulo;1921-10-20;American
676;676;armi;;arm;Frank;Armi;1918-10-12;American
677;677;webb;;web;Travis;Webb;1910-10-08;American
678;678;duncan;;dun;Len;Duncan;1911-07-25;American
679;679;mccoy;;mcc;Ernie;McCoy;1921-02-19;American
680;680;swaters;;swa;Jacques;Swaters;1926-10-30;American
681;681;georges_berger;;geo;Georges;Berger;1918-09-14;Belgian
682;682;beauman;;bea;Don;Beauman;1928-07-26;British
683;683;thorne;;tho;Leslie;Thorne;1916-06-23;British
684;684;whitehouse;;whi;Bill;Whitehouse;1909-04-01;British
685;685;riseley_prichard;;ris;John;Riseley-Prichard;1924-01-17;British
686;686;reg_parnell;;reg;Reg;Parnell;1911-07-02;British
687;687;whitehead;;whi;Peter;Whitehead;1914-11-12;British
688;688;brandon;;bra;Eric;Brandon;1920-07-18;British
689;689;alan_brown;;ala;Alan;Brown;1919-11-20;British
690;690;nuckey;;nuc;Rodney;Nuckey;1929-06-26;British
691;691;lang;;lan;Hermann;Lang;1909-04-06;German
692;692;helfrich;;hel;Theo;Helfrich;1913-05-13;German
693;693;wacker;;wac;Fred;Wacker;1918-07-10;American
694;694;riu;;riu;Giovanni;de Riu;1925-03-10;Italian
695;695;galvez;;gal;Oscar;Gálvez;1913-08-17;Argentine
696;696;john_barber;;joh;John;Barber;1929-07-22;British
697;697;bonetto;;bon;Felice;Bonetto;1903-06-09;Italian
698;698;cruz;;cru;Adolfo;Cruz;1923-06-28;Argentine
699;699;nalon;;nal;Duke;Nalon;1913-03-02;American
700;700;scarborough;;sca;Carl;Scarborough;1914-07-03;American
701;701;holland;;hol;Bill;Holland;1907-12-18;American
702;702;bob_scott;;bob;Bob;Scott;1928-10-04;American
703;703;legat;;leg;Arthur;Legat;1898-11-01;Belgian
704;704;cabantous;;cab;Yves;Cabantous;1904-10-08;French
705;705;crook;;cro;Tony;Crook;1920-02-16;British
706;706;jimmy_stewart;;jim;Jimmy;Stewart;1931-03-06;British
707;707;ian_stewart;;ian;Ian;Stewart;1929-07-15;British
708;708;duncan_hamilton;;dun;Duncan;Hamilton;1920-04-30;British
709;709;klodwig;;klo;Ernst;Klodwig;1903-05-23;East German
710;710;krause;;kra;Rudolf;Krause;1907-03-30;East German
711;711;karch;;kar;Oswald;Karch;1917-03-06;German
712;712;heeks;;hee;Willi;Heeks;1922-02-13;German
713;713;fitzau;;fit;Theo;Fitzau;1923-02-10;East German
714;714;adolff;;ado;Kurt;Adolff;1921-11-05;German
715;715;bechem;;bec;Günther;Bechem;1921-12-21;German
716;716;bauer;;bau;Erwin;Bauer;1912-07-17;German
717;717;hans_stuck;;han;Hans;von Stuck;1900-12-27;German
718;718;loof;;loo;Ernst;Loof;1907-07-04;German
719;719;scherrer;;sch;Albert;Scherrer;1908-02-28;Swiss
720;720;terra;;ter;Max;de Terra;1918-10-06;Swiss
721;721;hirt;;hir;Peter;Hirt;1910-03-30;Swiss
722;722;carini;;car;Piero;Carini;1921-03-06;Italian
723;723;fischer;;fis;Rudi;Fischer;1912-04-19;Swiss
724;724;ulmen;;ulm;Toni;Ulmen;1906-01-25;German
725;725;abecassis;;abe;George;Abecassis;1913-03-21;British
726;726;george_connor;;geo;George;Connor;1906-08-16;American
727;727;rigsby;;rig;Jim;Rigsby;1923-06-06;American
728;728;james;;jam;Joe;James;1925-05-23;American
729;729;schindler;;sch;Bill;Schindler;1909-03-06;American
730;730;fonder;;fon;George;Fonder;1917-06-22;American
731;731;banks;;ban;Henry;Banks;1913-06-14;American
732;732;mcdowell;;mcd;Johnny;McDowell;1915-01-29;American
733;733;miller;;mil;Chet;Miller;1902-07-19;American
734;734;ball;;bal;Bobby;Ball;1925-08-26;American
735;735;tornaco;;tor;Charles;de Tornaco;1927-06-07;Belgian
736;736;laurent;;lau;Roger;Laurent;1913-02-21;Belgian
737;737;obrien;;obr;Robert;O'Brien;1908-04-11;American
738;738;gaze;;gaz;Tony;Gaze;1920-02-03;Australian
739;739;charrington;;cha;Robin;Montgomerie-Charrington;1915-06-23;British
740;740;comotti;;com;Franco;Comotti;1906-07-24;Italian
741;741;etancelin;;eta;Philippe;Étancelin;1896-12-28;French
742;742;poore;;poo;Dennis;Poore;1916-08-19;British
743;743;thompson;;tho;Eric;Thompson;1919-11-04;British
744;744;downing;;dow;Ken;Downing;1917-12-05;British
745;745;graham_whitehead;;gra;Graham;Whitehead;1922-04-15;British
746;746;bianco;;bia;Gino;Bianco;1916-07-22;Brazilian
747;747;murray;;mur;David;Murray;1909-12-28;British
748;748;cantoni;;can;Eitel;Cantoni;1906-10-04;Uruguayan
749;749;aston;;ast;Bill;Aston;1900-03-29;British
750;750;brudes;;bru;Adolf;Brudes;1899-10-15;German
751;751;riess;;rie;Fritz;Riess;1922-07-11;German
752;752;niedermayr;;nie;Helmut;Niedermayr;1915-11-29;German
753;753;klenk;;kle;Hans;Klenk;1919-10-28;German
754;754;balsa;;bal;Marcel;Balsa;1909-01-01;French
755;755;schoeller;;sch;Rudolf;Schoeller;1902-04-27;Swiss
756;756;pietsch;;pie;Paul;Pietsch;1911-06-20;German
757;757;peters;;pet;Josef;Peters;1914-09-16;German
758;758;lof;;lof;Dries;van der Lof;1919-08-23;Dutch
759;759;flinterman;;fli;Jan;Flinterman;1919-10-02;Dutch
760;760;dusio;;dus;Piero;Dusio;1899-10-13;Italian
761;761;crespo;;cre;Alberto;Crespo;1920-01-16;Argentine
762;762;rol;;rol;Franco;Rol;1908-06-05;Italian
763;763;sanesi;;san;Consalvo;Sanesi;1911-03-28;Italian
764;764;guy_mairesse;;guy;Guy;Mairesse;1910-08-10;French
765;765;louveau;;lou;Henri;Louveau;1910-01-25;French
766;766;wallard;;wal;Lee;Wallard;1910-09-07;American
767;767;forberg;;for;Carl;Forberg;1911-03-04;American
768;768;rose;;ros;Mauri;Rose;1906-05-26;American
769;769;mackey;;mac;Bill;Mackey;1927-12-15;American
770;770;green;;gre;Cecil;Green;1919-09-30;American
771;771;walt_brown;;wal;Walt;Brown;1911-12-30;American
772;772;hellings;;hel;Mack;Hellings;1915-09-14;American
773;773;levegh;;lev;Pierre;Levegh;1905-12-22;French
774;774;chaboud;;cha;Eugène;Chaboud;1907-04-12;French
775;775;gordini;;gor;Aldo;Gordini;1921-05-20;French
776;776;kelly;;kel;Joe;Kelly;1913-03-13;Irish
777;777;parker;;par;Philip;Fotheringham-Parker;1907-09-22;British
778;778;shawe_taylor;;sha;Brian;Shawe Taylor;1915-01-28;British
779;779;john_james;;joh;John;James;1914-05-10;British
780;780;branca;;bra;Toni;Branca;1916-09-15;Swiss
781;781;richardson;;ric;Ken;Richardson;1911-08-21;British
782;782;jover;;jov;Juan;Jover;1903-11-23;Spanish
783;783;grignard;;gri;Georges;Grignard;1905-07-25;French
784;784;hampshire;;ham;David;Hampshire;1917-12-29;British
785;785;crossley;;cro;Geoff;Crossley;1921-05-11;British
786;786;fagioli;;fag;Luigi;Fagioli;1898-06-09;Italian
787;787;harrison;;har;Cuth;Harrison;1906-07-06;British
788;788;fry;;fry;Joe;Fry;1915-10-26;British
789;789;martin;;mar;Eugène;Martin;1915-03-24;French
790;790;leslie_johnson;;les;Leslie;Johnson;1912-03-22;British
791;791;biondetti;;bio;Clemente;Biondetti;1898-08-18;Italian
792;792;pian;;pia;Alfredo;Pián;1912-10-21;Argentine
793;793;sommer;;som;Raymond;Sommer;1906-08-31;French
794;794;chitwood;;chi;Joie;Chitwood;1912-04-14;American
795;795;fohr;;foh;Myron;Fohr;1912-06-17;American
796;796;ader;;ade;Walt;Ader;1913-12-15;American
797;797;holmes;;hol;Jackie;Holmes;1920-09-04;American
798;798;levrett;;lev;Bayliss;Levrett;1914-02-14;American
799;799;jackson;;jac;Jimmy;Jackson;1910-07-25;American
800;800;pagani;;pag;Nello;Pagani;1911-10-11;Italian
801;801;pozzi;;poz;Charles;Pozzi;1909-08-27;French
802;802;serafini;;ser;Dorino;Serafini;1909-07-22;Italian
803;803;cantrell;;can;Bill;Cantrell;1908-01-31;American
804;804;mantz;;man;Johnny;Mantz;1918-09-18;American
805;805;kladis;;kla;Danny;Kladis;1917-02-10;American
806;806;oscar_gonzalez;;osc;Óscar;González;1923-11-10;Uruguayan
807;807;hulkenberg;27;hul;Nico;Hülkenberg;1987-08-19;German
808;808;petrov;;pet;Vitaly;Petrov;1984-09-08;Russian
809;810;grassi;;gra;Lucas;di Grassi;1984-08-11;Brazilian
810;811;bruno_senna;;bru;Bruno;Senna;1983-10-15;Brazilian
811;812;chandhok;;cha;Karun;Chandhok;1984-01-19;Indian
812;813;maldonado;13;mal;Pastor;Maldonado;1985-03-09;Venezuelan
813;814;resta;;res;Paul;di Resta;1986-04-16;British
814;815;perez;11;per;Sergio;Pérez;1990-01-26;Mexican
815;816;ambrosio;;amb;Jérôme;d'Ambrosio;1985-12-27;Belgian
816;817;ricciardo;3;ric;Daniel;Ricciardo;1989-07-01;Australian
817;818;vergne;25;ver;Jean-Éric;Vergne;1990-04-25;French
818;819;pic;;pic;Charles;Pic;1990-02-15;French
819;820;chilton;4;chi;Max;Chilton;1991-04-21;British
820;821;gutierrez;21;gut;Esteban;Gutiérrez;1991-08-05;Mexican
821;822;bottas;77;bot;Valtteri;Bottas;1989-08-28;Finnish
822;823;garde;;gar;Giedo;van der Garde;1985-04-25;Dutch
823;824;jules_bianchi;17;jul;Jules;Bianchi;1989-08-03;French
824;825;kevin_magnussen;20;kev;Kevin;Magnussen;1992-10-05;Danish
825;826;kvyat;26;kvy;Daniil;Kvyat;1994-04-26;Russian
826;827;lotterer;45;lot;André;Lotterer;1981-11-19;German
827;828;ericsson;9;eri;Marcus;Ericsson;1990-09-02;Swedish
828;829;stevens;28;ste;Will;Stevens;1991-06-28;British
829;830;max_verstappen;33;max;Max;Verstappen;1997-09-30;Dutch
830;831;nasr;12;nas;Felipe;Nasr;1992-08-21;Brazilian
831;832;sainz;55;sai;Carlos;Sainz;1994-09-01;Spanish
832;833;merhi;98;mer;Roberto;Merhi;1991-03-22;Spanish
833;834;rossi;53;ros;Alexander;Rossi;1991-09-25;American
834;835;jolyon_palmer;30;jol;Jolyon;Palmer;1991-01-20;British
835;836;wehrlein;94;weh;Pascal;Wehrlein;1994-10-18;German
836;837;haryanto;88;har;Rio;Haryanto;1993-01-22;Indonesian
837;838;vandoorne;2;van;Stoffel;Vandoorne;1992-03-26;Belgian
838;839;ocon;31;oco;Esteban;Ocon;1996-09-17;French
839;840;stroll;18;str;Lance;Stroll;1998-10-29;Canadian
840;841;giovinazzi;99;gio;Antonio;Giovinazzi;1993-12-14;Italian
841;843;brendon_hartley;28;bre;Brendon;Hartley;1989-11-10;New Zealander
842;844;leclerc;16;lec;Charles;Leclerc;1997-10-16;Monegasque
843;845;sirotkin;35;sir;Sergey;Sirotkin;1995-08-27;Russian
844;846;norris;4;nor;Lando;Norris;1999-11-13;British
845;847;russell;63;rus;George;Russell;1998-02-15;British
846;848;albon;23;alb;Alexander;Albon;1996-03-23;Thai
847;849;latifi;6;lat;Nicholas;Latifi;1995-06-29;Canadian
